order_id,customer_id,coupon_id,transaction_id,shipper_id,order_status,order_date,shipping_date,house_number,street,city,pincode,state,country,tax,delivery_charges,total_amount,net_amount,payment_status
ORDER001,CUST261,NULL,TRANS001,SHIPPER018,Processed,2021-02-09,2015-04-12,42,"895 4th Lane",Zangkaxa,513203,NULL,China,0,75,318,2396,Paid
ORDER002,CUST408,NULL,TRANS002,SHIPPER040,Processed,2016-07-09,2019-07-04,121,"4 Cordelia Center",Sizhou,518926,NULL,China,6,95,6977,10013,Paid
ORDER003,CUST239,NULL,TRANS003,SHIPPER040,Processed,2021-04-17,2017-10-20,28,"0 Warner Court",Shaxi,377978,NULL,China,11,130,7174,10736,Refunded
ORDER004,CUST067,NULL,TRANS004,SHIPPER041,Delivered,2017-08-14,2015-02-23,268,"32 Monument Place",Drzewica,367088,NULL,Poland,17,159,8436,371,Refunded
ORDER005,CUST349,NULL,TRANS005,SHIPPER085,Dispatched,2019-11-08,2020-07-15,148,"7 Warbler Pass",Messina,583223,Sicilia,Italy,13,63,5434,1046,Paid
ORDER006,CUST108,NULL,TRANS006,SHIPPER043,Dispatched,2019-03-22,2022-01-03,251,"8 Morning Crossing",Mingjing,388372,NULL,China,1,69,6969,6564,Refunded
ORDER007,CUST036,NULL,TRANS007,SHIPPER016,Dispatched,2017-01-29,2015-06-08,161,"48 Welch Junction","Nikolina Gora",358399,NULL,Russia,3,117,6109,3088,Refunded
ORDER008,CUST112,NULL,TRANS008,SHIPPER001,Dispatched,2022-07-24,2022-10-29,146,"31 Stoughton Lane",Krmelín,188793,NULL,"Czech Republic",3,117,5996,7352,Refunded
ORDER009,CUST118,NULL,TRANS009,SHIPPER075,Dispatched,2022-06-09,2022-01-06,191,"5847 Forster Trail",Coronda,158213,NULL,Argentina,17,170,8267,522,Paid
ORDER010,CUST465,NULL,TRANS010,SHIPPER019,Delivered,2019-06-08,2018-03-13,25,"2 Ridge Oak Drive","Estância Velha",319089,NULL,Brazil,6,85,4058,4664,Unpaid
ORDER011,CUST049,COU054,TRANS011,SHIPPER029,Processed,2021-06-18,2017-08-28,293,"57 Monument Street","Were Īlu",241724,NULL,Ethiopia,8,141,1032,9763,Paid
ORDER012,CUST479,COU003,TRANS012,SHIPPER063,Delivered,2022-09-17,2019-08-10,141,"8 Miller Terrace",Tonkino,570438,NULL,Russia,10,31,6162,10220,Unpaid
ORDER013,CUST032,COU030,TRANS013,SHIPPER086,Processed,2017-05-21,2017-06-17,27,"521 Surrey Avenue",Jujur,123398,NULL,Indonesia,0,103,1404,7917,Paid
ORDER014,CUST265,COU018,TRANS014,SHIPPER071,Processed,2020-03-11,2017-01-07,52,"957 Carioca Way","Ciudad Bolivia",560439,NULL,Venezuela,7,189,9751,4155,Paid
ORDER015,CUST431,COU030,TRANS015,SHIPPER043,Processed,2022-11-24,2015-05-13,65,"92 Morrow Place",Mangochi,535722,NULL,Malawi,8,86,3664,2378,Paid
ORDER016,CUST384,NULL,TRANS016,SHIPPER040,Delivered,2021-03-13,2018-05-13,159,"9 Mosinee Center","San Jose",301113,Oaxaca,Mexico,1,62,8165,2119,Refunded
ORDER017,CUST210,COU044,TRANS017,SHIPPER020,Delivered,2020-04-19,2019-06-20,65,"80176 Burning Wood Place",Balingoan,315267,NULL,Philippines,11,10,1404,4690,Refunded
ORDER018,CUST189,NULL,TRANS018,SHIPPER006,Dispatched,2021-09-10,2015-01-10,242,"3533 School Avenue",Yousheng,158161,NULL,China,2,1,1906,7428,Unpaid
ORDER019,CUST186,NULL,TRANS019,SHIPPER004,Dispatched,2016-12-05,2015-02-14,72,"8180 Browning Way",Emporeío,439596,NULL,Greece,8,113,8272,10991,Unpaid
ORDER020,CUST487,COU009,TRANS020,SHIPPER075,Dispatched,2016-01-30,2019-06-27,155,"45860 Green Parkway",Tizgane,408455,NULL,Morocco,17,81,240,2879,Paid
ORDER021,CUST237,COU087,TRANS021,SHIPPER089,Delivered,2016-11-23,2020-11-21,116,"684 Oakridge Trail",Dillenburg,204480,Hessen,Germany,16,55,3603,1717,Unpaid
ORDER022,CUST274,COU090,TRANS022,SHIPPER024,Dispatched,2015-12-22,2015-01-11,118,"053 Vidon Alley",Garawati,311898,NULL,Indonesia,6,102,2117,8911,Refunded
ORDER023,CUST124,NULL,TRANS023,SHIPPER024,Dispatched,2021-06-13,2017-05-01,159,"852 Roxbury Junction",Corralillo,575090,NULL,Cuba,0,7,6055,7137,Unpaid
ORDER024,CUST159,COU044,TRANS024,SHIPPER046,Dispatched,2021-04-29,2018-07-28,242,"0 Gateway Parkway","Varge Mondar",505177,Lisboa,Portugal,8,73,8013,1573,Paid
ORDER025,CUST462,NULL,TRANS025,SHIPPER015,Delivered,2019-01-11,2022-09-02,242,"4997 Melrose Parkway",Belle-Anse,337409,NULL,Haiti,5,14,8186,2040,Refunded
ORDER026,CUST233,COU083,TRANS026,SHIPPER024,Processed,2017-08-04,2021-12-18,211,"2 Di Loreto Pass",Tsant,445129,NULL,Mongolia,0,187,7381,1614,Paid
ORDER027,CUST129,COU098,TRANS027,SHIPPER003,Dispatched,2020-06-02,2022-12-04,269,"26 Doe Crossing Court",Tanjung,103076,NULL,Indonesia,2,25,5126,6772,Paid
ORDER028,CUST092,COU031,TRANS028,SHIPPER083,Delivered,2021-09-15,2016-01-31,245,"36267 Browning Circle",Moijabana,482786,NULL,Botswana,1,132,1343,5875,Paid
ORDER029,CUST497,NULL,TRANS029,SHIPPER044,Dispatched,2016-10-20,2020-01-05,154,"380 8th Junction",Kakogawachō-honmachi,464143,NULL,Japan,15,193,8992,3072,Paid
ORDER030,CUST018,COU015,TRANS030,SHIPPER081,Dispatched,2018-05-13,2020-02-06,86,"6427 Pepper Wood Circle",Cartagena,167854,NULL,Colombia,14,116,8009,6301,Paid
ORDER031,CUST005,NULL,TRANS031,SHIPPER017,Dispatched,2018-01-07,2016-12-22,246,"343 Hoepker Road",Wilwerwiltz,376244,NULL,Luxembourg,9,67,6431,3611,Unpaid
ORDER032,CUST212,COU074,TRANS032,SHIPPER002,Delivered,2016-10-15,2020-02-09,170,"9 Thackeray Avenue",Nkongsamba,150493,NULL,Cameroon,6,61,3655,1280,Paid
ORDER033,CUST493,COU083,TRANS033,SHIPPER037,Processed,2021-05-28,2021-10-23,18,"7 Tomscot Terrace","San José de Jáchal",525758,NULL,Argentina,1,93,6220,10957,Unpaid
ORDER034,CUST343,COU028,TRANS034,SHIPPER059,Processed,2016-11-12,2018-03-24,245,"4512 Knutson Avenue","Arkhaía Kórinthos",314260,NULL,Greece,18,171,7950,9551,Unpaid
ORDER035,CUST170,COU088,TRANS035,SHIPPER020,Delivered,2022-01-04,2021-12-16,253,"2 Melody Way","San Vicente",386355,NULL,Philippines,4,133,6390,5759,Paid
ORDER036,CUST132,NULL,TRANS036,SHIPPER085,Delivered,2022-09-10,2015-05-19,245,"8 Norway Maple Pass","El Cantón",329820,NULL,Venezuela,9,87,3875,6449,Unpaid
ORDER037,CUST016,COU053,TRANS037,SHIPPER091,Dispatched,2016-12-14,2015-10-02,134,"499 Hansons Point","An Naşşārīyah",533366,NULL,"Palestinian Territory",13,163,8069,684,Unpaid
ORDER038,CUST094,COU045,TRANS038,SHIPPER088,Delivered,2015-01-10,2018-10-29,89,"3 Mifflin Lane",Cauday,408405,NULL,Peru,17,112,9810,1033,Paid
ORDER039,CUST049,NULL,TRANS039,SHIPPER061,Delivered,2022-03-11,2020-05-30,11,"7 Mesta Terrace","Cam Lâm",523763,NULL,Vietnam,8,53,3691,5980,Paid
ORDER040,CUST414,NULL,TRANS040,SHIPPER043,Delivered,2016-12-31,2016-07-26,82,"723 Jana Plaza",Skien,543214,Telemark,Norway,5,188,6304,8988,Unpaid
ORDER041,CUST062,COU080,TRANS041,SHIPPER087,Processed,2022-03-11,2019-08-02,154,"68485 Westend Street",Jubaoshan,366542,NULL,China,10,35,7473,6038,Refunded
ORDER042,CUST337,COU071,TRANS042,SHIPPER091,Dispatched,2015-03-21,2022-06-08,209,"333 4th Plaza","Quinta da Courela",409448,Setúbal,Portugal,9,189,4175,10178,Unpaid
ORDER043,CUST037,NULL,TRANS043,SHIPPER045,Dispatched,2022-03-08,2016-07-16,66,"6182 Oakridge Point",Monino,188729,NULL,Russia,15,132,9987,1027,Unpaid
ORDER044,CUST328,NULL,TRANS044,SHIPPER087,Processed,2017-01-25,2021-01-04,191,"44354 Springs Terrace",Ryazan’,361634,NULL,Russia,3,6,695,2675,Refunded
ORDER045,CUST156,NULL,TRANS045,SHIPPER029,Delivered,2015-08-23,2016-02-24,38,"27849 Debs Circle",Peruíbe,215998,NULL,Brazil,14,171,1040,7968,Unpaid
ORDER046,CUST278,COU004,TRANS046,SHIPPER017,Delivered,2022-01-13,2018-06-04,159,"05 Coolidge Plaza",Mayrtup,454412,NULL,Russia,0,5,8281,10637,Paid
ORDER047,CUST104,COU048,TRANS047,SHIPPER086,Processed,2019-09-14,2016-05-17,255,"63 Homewood Park",Ancona,160612,Marche,Italy,17,14,4900,651,Refunded
ORDER048,CUST388,COU028,TRANS048,SHIPPER011,Processed,2016-09-09,2016-01-05,15,"456 Browning Court","Bang Mun Nak",219991,NULL,Thailand,1,141,8454,5758,Refunded
ORDER049,CUST218,NULL,TRANS049,SHIPPER053,Processed,2015-01-24,2017-07-04,211,"5 Little Fleur Parkway",Lututów,520656,NULL,Poland,17,195,8807,9543,Paid
ORDER050,CUST201,NULL,TRANS050,SHIPPER004,Delivered,2018-05-13,2020-06-05,245,"9 Packers Parkway",Qianshan,323437,NULL,China,17,88,8018,1468,Paid
ORDER051,CUST483,COU062,TRANS051,SHIPPER064,Delivered,2020-04-24,2020-06-26,44,"08 Bobwhite Street",Iberia,208473,NULL,Peru,17,128,6028,7595,Paid
ORDER052,CUST142,NULL,TRANS052,SHIPPER027,Processed,2022-03-03,2022-05-26,167,"4 Pleasure Court","El Obeid",487369,NULL,Sudan,14,96,8758,8681,Unpaid
ORDER053,CUST043,NULL,TRANS053,SHIPPER007,Dispatched,2019-02-22,2016-10-04,75,"27221 Comanche Trail",Touzao,400288,NULL,China,3,196,2645,2132,Unpaid
ORDER054,CUST097,NULL,TRANS054,SHIPPER022,Delivered,2015-03-27,2016-09-08,227,"71893 Riverside Drive",Purwodadi,549650,NULL,Indonesia,4,97,2286,10685,Unpaid
ORDER055,CUST333,NULL,TRANS055,SHIPPER041,Dispatched,2019-10-12,2017-07-12,6,"15313 Sauthoff Lane",Empedrado,193358,NULL,Argentina,14,146,7438,6808,Unpaid
ORDER056,CUST013,COU052,TRANS056,SHIPPER027,Dispatched,2020-12-29,2022-02-12,51,"202 Leroy Trail",Pasłęk,484414,NULL,Poland,10,113,8205,9598,Paid
ORDER057,CUST113,NULL,TRANS057,SHIPPER041,Dispatched,2022-05-24,2020-02-27,161,"4 Tennessee Circle",Xinning,135359,NULL,China,13,74,4275,6047,Paid
ORDER058,CUST006,NULL,TRANS058,SHIPPER032,Delivered,2017-09-03,2022-02-15,153,"34 Northfield Point",Pointe-à-Pitre,248255,Guadeloupe,Guadeloupe,4,136,5859,5509,Refunded
ORDER059,CUST053,COU079,TRANS059,SHIPPER071,Dispatched,2019-12-29,2015-03-18,76,"403 Shelley Circle",Sedati,565506,NULL,Indonesia,1,149,5764,3913,Unpaid
ORDER060,CUST222,COU060,TRANS060,SHIPPER014,Delivered,2019-05-22,2016-07-03,184,"2086 Di Loreto Street",Lugovoy,150565,NULL,Kazakhstan,2,45,728,254,Unpaid
ORDER061,CUST495,COU003,TRANS061,SHIPPER032,Delivered,2021-08-08,2015-07-18,260,"2 Mallory Center",Beicang,292228,NULL,China,0,175,7793,7823,Unpaid
ORDER062,CUST046,NULL,TRANS062,SHIPPER043,Delivered,2019-01-20,2017-09-10,230,"35345 Grayhawk Park",Montecristi,159019,NULL,Ecuador,5,89,6350,3237,Paid
ORDER063,CUST291,COU079,TRANS063,SHIPPER030,Processed,2015-12-08,2017-06-22,10,"5 Dayton Hill",Boavista,353940,Braga,Portugal,11,115,8056,10134,Refunded
ORDER064,CUST257,COU067,TRANS064,SHIPPER024,Delivered,2017-05-18,2022-05-22,45,"883 Hallows Parkway","Malaya Dubna",586489,NULL,Russia,3,141,4613,9784,Paid
ORDER065,CUST374,NULL,TRANS065,SHIPPER084,Delivered,2021-12-30,2022-09-13,215,"501 Aberg Pass",Chicheng,510365,NULL,China,6,133,3366,4919,Refunded
ORDER066,CUST044,NULL,TRANS066,SHIPPER013,Processed,2022-09-13,2019-08-08,21,"46 Sachs Junction",Jurm,206771,NULL,Afghanistan,3,59,9178,6894,Paid
ORDER067,CUST253,NULL,TRANS067,SHIPPER019,Delivered,2021-07-24,2017-01-12,125,"73 Lakewood Gardens Crossing",Kiangan,280272,NULL,Philippines,14,135,4216,7578,Unpaid
ORDER068,CUST205,NULL,TRANS068,SHIPPER091,Dispatched,2016-03-13,2021-09-01,39,"97 Sullivan Lane",Chinandega,207786,NULL,Nicaragua,13,19,6358,6165,Paid
ORDER069,CUST219,COU056,TRANS069,SHIPPER091,Processed,2020-04-21,2020-11-26,115,"3 Kensington Court",Kasiyan,260581,NULL,Indonesia,16,92,5296,7850,Unpaid
ORDER070,CUST183,NULL,TRANS070,SHIPPER083,Processed,2021-03-15,2019-11-26,207,"2336 Bayside Parkway",Magisterial,441870,"Veracruz Llave",Mexico,7,195,401,10574,Refunded
ORDER071,CUST214,NULL,TRANS071,SHIPPER069,Delivered,2015-11-10,2015-02-13,170,"8280 Cardinal Plaza",Liozon,106334,NULL,Philippines,1,9,2969,105,Paid
ORDER072,CUST002,NULL,TRANS072,SHIPPER041,Dispatched,2022-03-14,2016-05-13,230,"86 Westport Terrace","Krasnaya Polyana",203049,NULL,Russia,1,45,2007,4348,Refunded
ORDER073,CUST367,NULL,TRANS073,SHIPPER039,Dispatched,2020-07-15,2018-02-17,70,"739 Coleman Terrace","Tầm Vu",441138,NULL,Vietnam,17,1,2197,11,Paid
ORDER074,CUST009,COU052,TRANS074,SHIPPER085,Dispatched,2021-07-22,2016-05-30,248,"35513 Manitowish Point","Vĩnh Thuận",477068,NULL,Vietnam,7,187,9792,4816,Unpaid
ORDER075,CUST064,NULL,TRANS075,SHIPPER015,Processed,2020-11-17,2016-03-21,205,"932 Mandrake Pass",Liurenba,435338,NULL,China,0,177,5106,2775,Refunded
ORDER076,CUST179,COU054,TRANS076,SHIPPER030,Dispatched,2018-10-15,2022-02-23,137,"16333 Redwing Road",Huyang,592291,NULL,China,15,164,6837,2729,Unpaid
ORDER077,CUST020,NULL,TRANS077,SHIPPER028,Dispatched,2020-03-14,2018-12-31,126,"6 Rowland Avenue",Camrose,306600,Alberta,Canada,16,165,4395,4417,Unpaid
ORDER078,CUST351,NULL,TRANS078,SHIPPER084,Dispatched,2022-05-19,2022-07-22,157,"26734 Warner Center",Nandayure,348957,NULL,"Costa Rica",12,56,3965,1824,Refunded
ORDER079,CUST099,NULL,TRANS079,SHIPPER100,Delivered,2019-04-14,2019-02-18,41,"3 Forest Dale Point",Kecskemét,521600,Bács-Kiskun,Hungary,2,196,8683,8164,Refunded
ORDER080,CUST142,COU002,TRANS080,SHIPPER018,Dispatched,2021-07-26,2021-10-29,169,"99882 Declaration Avenue",Mashi,183255,NULL,China,4,199,9502,4388,Paid
ORDER081,CUST374,COU097,TRANS081,SHIPPER039,Dispatched,2018-02-13,2021-10-28,216,"1565 Eastlawn Crossing",Aranitas,503569,NULL,Albania,5,140,5850,613,Refunded
ORDER082,CUST075,COU066,TRANS082,SHIPPER005,Processed,2015-11-19,2016-05-10,284,"57089 Del Mar Point",Shevchenkove,450848,NULL,Ukraine,6,16,3427,2819,Refunded
ORDER083,CUST306,COU053,TRANS083,SHIPPER074,Dispatched,2019-08-02,2019-12-08,276,"5 Farragut Parkway",Azteca,496756,Tamaulipas,Mexico,14,134,4840,1414,Unpaid
ORDER084,CUST380,NULL,TRANS084,SHIPPER049,Delivered,2019-12-19,2022-10-08,290,"3747 Ryan Circle",Dubu,439100,NULL,China,17,147,297,1487,Paid
ORDER085,CUST235,COU080,TRANS085,SHIPPER004,Delivered,2016-05-23,2020-05-08,295,"47 Fremont Plaza",Nanhe,339871,NULL,China,4,151,900,2256,Refunded
ORDER086,CUST407,NULL,TRANS086,SHIPPER092,Delivered,2021-04-03,2021-09-08,221,"128 Arrowood Hill",Gardēz,517704,NULL,Afghanistan,18,185,7763,1409,Paid
ORDER087,CUST478,NULL,TRANS087,SHIPPER039,Processed,2015-01-09,2022-11-16,80,"5887 Monica Lane",Esperantina,110849,NULL,Brazil,7,27,1752,5698,Paid
ORDER088,CUST397,COU092,TRANS088,SHIPPER039,Processed,2017-11-08,2017-05-11,257,"7735 Oak Junction",Gislaved,559689,Jönköping,Sweden,9,189,7150,8563,Paid
ORDER089,CUST120,COU058,TRANS089,SHIPPER052,Delivered,2017-07-20,2015-02-08,45,"15259 Luster Trail",Nanlin,381862,NULL,China,11,95,5460,2511,Unpaid
ORDER090,CUST064,COU065,TRANS090,SHIPPER002,Dispatched,2019-03-18,2022-04-09,106,"0020 Kinsman Avenue",Linköping,149154,Östergötland,Sweden,17,160,5769,8582,Paid
ORDER091,CUST226,COU016,TRANS091,SHIPPER005,Delivered,2018-12-07,2021-03-12,74,"3428 Lakewood Gardens Avenue","Puerto Rico",553331,NULL,Argentina,3,14,1370,7746,Refunded
ORDER092,CUST130,COU031,TRANS092,SHIPPER078,Processed,2018-03-14,2019-04-23,182,"322 School Park",Ludvika,441756,Dalarna,Sweden,4,115,7089,235,Unpaid
ORDER093,CUST019,NULL,TRANS093,SHIPPER093,Delivered,2016-07-03,2016-07-05,266,"8 Bowman Road",Yangqing,310214,NULL,China,17,160,3913,1514,Unpaid
ORDER094,CUST410,NULL,TRANS094,SHIPPER022,Dispatched,2021-01-26,2018-03-13,89,"792 Lotheville Center","El Mirador",358174,Chiapas,Mexico,3,87,1279,10305,Unpaid
ORDER095,CUST055,NULL,TRANS095,SHIPPER082,Dispatched,2015-08-10,2022-09-24,191,"339 North Court",Igreja,264965,"Viana do Castelo",Portugal,7,32,1826,1022,Refunded
ORDER096,CUST489,NULL,TRANS096,SHIPPER013,Processed,2016-01-26,2015-03-03,70,"3081 Red Cloud Lane",Lékhaio,339734,NULL,Greece,8,84,5877,335,Refunded
ORDER097,CUST219,COU075,TRANS097,SHIPPER021,Delivered,2015-01-08,2021-06-02,5,"3897 High Crossing Pass",Gagarin,148099,NULL,Armenia,4,23,6553,10517,Refunded
ORDER098,CUST213,COU070,TRANS098,SHIPPER040,Delivered,2016-09-27,2017-10-11,99,"2673 Westridge Hill",Curitibanos,377747,NULL,Brazil,6,166,8760,7303,Paid
ORDER099,CUST322,NULL,TRANS099,SHIPPER028,Dispatched,2016-05-07,2020-01-12,275,"8 Vidon Center",Haiyang,409507,NULL,China,15,157,3275,1258,Refunded
ORDER100,CUST057,COU079,TRANS100,SHIPPER085,Processed,2020-09-26,2019-11-28,56,"2433 Emmet Drive",Krapivna,403217,NULL,Russia,18,142,2219,4955,Refunded
ORDER101,CUST272,COU051,TRANS101,SHIPPER006,Dispatched,2021-08-09,2022-10-23,166,"118 Corry Avenue",Pigcawayan,373319,NULL,Philippines,1,13,1519,4672,Unpaid
ORDER102,CUST344,COU089,TRANS102,SHIPPER066,Processed,2017-12-31,2017-11-27,209,"6846 Hermina Road",Mankoeng,410465,NULL,"South Africa",3,175,1909,1126,Unpaid
ORDER103,CUST053,NULL,TRANS103,SHIPPER066,Delivered,2022-05-11,2016-09-12,10,"9 Duke Parkway",Caikouji,206702,NULL,China,13,195,3894,5222,Paid
ORDER104,CUST306,COU088,TRANS104,SHIPPER089,Dispatched,2017-04-06,2018-01-26,112,"9755 Onsgard Avenue",Koubia,277748,NULL,Guinea,12,141,1551,10823,Paid
ORDER105,CUST216,NULL,TRANS105,SHIPPER073,Dispatched,2017-06-13,2016-09-27,66,"2 Karstens Park",Porsgrunn,573732,Telemark,Norway,3,19,1430,7523,Paid
ORDER106,CUST410,COU022,TRANS106,SHIPPER094,Delivered,2017-02-28,2016-01-20,127,"40849 Oak Valley Pass",Jiangwan,149169,NULL,China,7,27,542,9528,Paid
ORDER107,CUST118,NULL,TRANS107,SHIPPER093,Dispatched,2019-09-25,2017-07-17,75,"13254 East Alley","Emiliano Zapata",528064,"Veracruz Llave",Mexico,6,23,8282,4582,Unpaid
ORDER108,CUST498,COU023,TRANS108,SHIPPER092,Delivered,2018-01-26,2022-07-12,11,"4 Old Gate Circle",Tvrdonice,183122,NULL,"Czech Republic",15,85,7049,7301,Unpaid
ORDER109,CUST356,COU037,TRANS109,SHIPPER044,Processed,2017-01-30,2020-12-06,153,"4432 Moland Street",Chóra,304442,NULL,Greece,15,185,7329,2678,Unpaid
ORDER110,CUST244,COU059,TRANS110,SHIPPER023,Processed,2015-02-14,2016-11-28,94,"03255 Brentwood Way",Shancheng,406506,NULL,China,6,168,971,5529,Paid
ORDER111,CUST372,COU015,TRANS111,SHIPPER019,Dispatched,2017-04-06,2016-06-06,281,"62585 Hazelcrest Parkway",Mesa,473060,Arizona,"United States",5,55,4299,7538,Refunded
ORDER112,CUST408,COU057,TRANS112,SHIPPER073,Delivered,2019-03-25,2019-03-18,261,"944 Little Fleur Junction",Nubl,594195,NULL,Syria,14,155,2818,8645,Paid
ORDER113,CUST223,NULL,TRANS113,SHIPPER019,Delivered,2015-08-08,2018-05-26,290,"42362 Lindbergh Parkway",Chone,183242,NULL,Ecuador,4,16,7963,5991,Refunded
ORDER114,CUST272,COU050,TRANS114,SHIPPER091,Delivered,2019-05-07,2017-10-10,111,"4 Ramsey Crossing",Erdaohe,546651,NULL,China,5,145,4571,2731,Paid
ORDER115,CUST463,COU020,TRANS115,SHIPPER009,Delivered,2021-10-17,2022-05-11,26,"95034 Pawling Lane",Youfang,159911,NULL,China,11,127,1756,8720,Refunded
ORDER116,CUST244,NULL,TRANS116,SHIPPER084,Dispatched,2016-10-18,2017-06-11,114,"09834 Farragut Parkway",Krasnomayskiy,223961,NULL,Russia,11,160,3177,10194,Unpaid
ORDER117,CUST350,NULL,TRANS117,SHIPPER074,Delivered,2020-01-13,2017-05-05,15,"862 6th Court",Tullinge,519830,Stockholm,Sweden,15,140,5491,1780,Paid
ORDER118,CUST052,NULL,TRANS118,SHIPPER075,Processed,2017-01-27,2021-02-02,132,"26 Union Avenue",Lindome,442860,"Västra Götaland",Sweden,4,27,7551,2544,Refunded
ORDER119,CUST489,NULL,TRANS119,SHIPPER051,Delivered,2017-09-14,2015-12-30,287,"29 Sunnyside Hill",Gongping,142888,NULL,China,15,142,9479,9785,Paid
ORDER120,CUST202,NULL,TRANS120,SHIPPER100,Processed,2018-01-05,2018-02-02,107,"31 Coolidge Park",Nakamura,524971,NULL,Japan,6,7,6826,6168,Unpaid
ORDER121,CUST045,COU022,TRANS121,SHIPPER096,Delivered,2016-08-31,2020-05-09,43,"871 Charing Cross Pass",Talovyy,520657,NULL,Russia,8,139,3076,8603,Paid
ORDER122,CUST193,COU087,TRANS122,SHIPPER040,Processed,2019-10-19,2017-05-31,26,"9581 Crest Line Plaza",Koronadal,238676,NULL,Philippines,9,46,2712,6280,Paid
ORDER123,CUST473,NULL,TRANS123,SHIPPER051,Processed,2022-11-20,2015-02-10,174,"7 Arkansas Hill",Garahan,425053,NULL,Indonesia,5,190,6112,7479,Refunded
ORDER124,CUST193,NULL,TRANS124,SHIPPER064,Processed,2019-02-07,2016-08-21,221,"8 Talisman Pass",Khorostkiv,454981,NULL,Ukraine,16,0,5251,4627,Paid
ORDER125,CUST128,NULL,TRANS125,SHIPPER056,Processed,2019-05-28,2017-12-20,55,"869 Novick Way",Foumban,498979,NULL,Cameroon,0,192,4688,9049,Paid
ORDER126,CUST209,NULL,TRANS126,SHIPPER068,Delivered,2022-02-06,2021-05-24,255,"339 2nd Place",Burrel,401157,NULL,Albania,17,143,2175,4208,Refunded
ORDER127,CUST060,NULL,TRANS127,SHIPPER013,Dispatched,2020-05-23,2022-03-26,11,"27 Golf Circle",Yushan,511335,NULL,China,7,133,5975,7840,Refunded
ORDER128,CUST244,COU065,TRANS128,SHIPPER045,Processed,2017-07-01,2021-06-13,201,"79 Lukken Terrace",Soe,330092,NULL,Indonesia,11,15,5816,7331,Paid
ORDER129,CUST333,COU081,TRANS129,SHIPPER049,Dispatched,2020-11-10,2021-12-15,65,"594 Thierer Road",Matamey,136137,NULL,Niger,14,68,3501,5671,Unpaid
ORDER130,CUST422,NULL,TRANS130,SHIPPER059,Delivered,2016-04-23,2020-02-29,252,"2111 Arrowood Center",Agoo,531406,NULL,Philippines,16,144,6882,6355,Refunded
ORDER131,CUST479,COU096,TRANS131,SHIPPER009,Delivered,2021-02-27,2019-09-18,85,"9075 Daystar Terrace",Pánormos,543664,NULL,Greece,16,120,2765,4851,Unpaid
ORDER132,CUST358,NULL,TRANS132,SHIPPER007,Dispatched,2022-11-01,2017-11-08,25,"3599 Buell Pass",Alibago,179030,NULL,Philippines,13,12,9342,7577,Paid
ORDER133,CUST286,COU065,TRANS133,SHIPPER038,Processed,2019-06-01,2022-11-24,81,"5 Northport Lane",Anton,145214,NULL,Bulgaria,3,36,9508,9484,Refunded
ORDER134,CUST395,NULL,TRANS134,SHIPPER095,Processed,2015-02-06,2016-11-18,140,"5 Goodland Court",Quşrah,551923,NULL,"Palestinian Territory",16,18,8549,3885,Unpaid
ORDER135,CUST428,COU014,TRANS135,SHIPPER065,Dispatched,2020-12-20,2022-01-30,137,"138 Eastwood Trail","Taihe Chengguanzhen",454314,NULL,China,5,45,6706,7141,Unpaid
ORDER136,CUST412,NULL,TRANS136,SHIPPER087,Delivered,2022-02-14,2015-11-21,143,"96 Mcbride Park","Santo Tomas",442922,NULL,Philippines,15,53,3146,8638,Refunded
ORDER137,CUST132,COU041,TRANS137,SHIPPER013,Dispatched,2021-12-23,2018-11-16,214,"65 Novick Pass",Kuhmoinen,263094,NULL,Finland,9,109,2569,5472,Paid
ORDER138,CUST104,COU032,TRANS138,SHIPPER078,Dispatched,2015-05-12,2015-07-18,99,"064 Stoughton Place",Basyūn,533051,NULL,Egypt,17,118,7468,4385,Paid
ORDER139,CUST386,NULL,TRANS139,SHIPPER036,Dispatched,2020-10-29,2015-02-01,189,"7985 Buell Circle","São Pedro de Muel",257052,Leiria,Portugal,0,93,9450,1437,Paid
ORDER140,CUST182,COU076,TRANS140,SHIPPER012,Processed,2016-01-12,2022-02-23,57,"4 Warbler Lane",Cabalawan,468114,NULL,Philippines,8,61,4836,7372,Paid
ORDER141,CUST344,COU014,TRANS141,SHIPPER009,Delivered,2016-08-09,2021-01-06,49,"62 Crescent Oaks Junction",Miracema,282684,NULL,Brazil,14,153,8146,7744,Unpaid
ORDER142,CUST178,NULL,TRANS142,SHIPPER066,Processed,2018-08-25,2015-09-27,274,"670 Warbler Center",Cordova,561614,NULL,Philippines,17,130,5317,4788,Paid
ORDER143,CUST307,COU090,TRANS143,SHIPPER075,Processed,2017-03-04,2022-04-04,41,"6812 Memorial Trail",Hrotovice,593068,NULL,"Czech Republic",10,106,8072,1490,Paid
ORDER144,CUST220,COU072,TRANS144,SHIPPER023,Dispatched,2021-04-15,2018-10-28,221,"547 Fulton Plaza",Grybów,374207,NULL,Poland,2,47,6413,9716,Refunded
ORDER145,CUST244,COU020,TRANS145,SHIPPER061,Dispatched,2021-04-29,2015-08-23,125,"4555 Nova Way",Kokar,139343,NULL,Indonesia,2,38,6083,9667,Refunded
ORDER146,CUST097,COU061,TRANS146,SHIPPER045,Processed,2022-11-24,2018-08-02,185,"36173 Maple Wood Street",Aravissós,216930,NULL,Greece,16,182,3692,1118,Refunded
ORDER147,CUST360,NULL,TRANS147,SHIPPER038,Dispatched,2020-02-02,2020-01-04,36,"47166 Eliot Way",Ganfang,334273,NULL,China,15,177,1115,9541,Unpaid
ORDER148,CUST405,NULL,TRANS148,SHIPPER077,Dispatched,2021-02-11,2019-07-22,139,"188 Morrow Junction",Okuta,528148,NULL,Nigeria,11,113,1217,6785,Paid
ORDER149,CUST079,NULL,TRANS149,SHIPPER012,Delivered,2015-07-28,2017-06-14,137,"52 Lighthouse Bay Way",Santai,137806,NULL,China,15,14,977,10393,Paid
ORDER150,CUST388,NULL,TRANS150,SHIPPER083,Processed,2017-03-15,2018-06-08,127,"46 Gerald Trail",Columbeira,271419,Leiria,Portugal,9,61,2876,3123,Unpaid
ORDER151,CUST388,NULL,TRANS151,SHIPPER024,Delivered,2020-06-19,2022-09-19,49,"6 Warner Trail","Nova Viçosa",380154,NULL,Brazil,11,50,7042,18,Unpaid
ORDER152,CUST399,NULL,TRANS152,SHIPPER091,Dispatched,2018-09-06,2022-01-15,248,"4 Chive Alley",Bastia,191945,Corse,France,8,2,6929,9698,Unpaid
ORDER153,CUST038,COU019,TRANS153,SHIPPER085,Delivered,2018-09-30,2019-05-31,268,"86544 Almo Hill",Sengeti,450032,NULL,Indonesia,15,63,4288,6629,Paid
ORDER154,CUST154,NULL,TRANS154,SHIPPER049,Dispatched,2015-08-09,2017-03-08,173,"4538 Elka Street",London,445888,England,"United Kingdom",5,5,6408,10866,Paid
ORDER155,CUST225,COU083,TRANS155,SHIPPER099,Processed,2017-12-03,2017-04-19,46,"4155 Lakeland Way",Mosrentgen,305837,NULL,Russia,12,8,9533,9445,Unpaid
ORDER156,CUST387,COU071,TRANS156,SHIPPER012,Dispatched,2015-09-21,2018-10-30,285,"84 Thierer Plaza",Xiluo,278598,NULL,China,10,107,4820,7286,Paid
ORDER157,CUST248,NULL,TRANS157,SHIPPER082,Dispatched,2020-12-20,2020-01-30,33,"82186 Sheridan Junction",Bertioga,211359,NULL,Brazil,13,116,91,2228,Refunded
ORDER158,CUST134,COU080,TRANS158,SHIPPER069,Dispatched,2017-11-25,2021-12-02,267,"639 Summit Alley",Quisao,209583,NULL,Philippines,13,10,9140,10889,Unpaid
ORDER159,CUST211,NULL,TRANS159,SHIPPER046,Dispatched,2021-10-30,2019-01-17,28,"572 Sheridan Alley",Zhuangke,448820,NULL,China,13,124,3738,8158,Refunded
ORDER160,CUST293,COU058,TRANS160,SHIPPER033,Processed,2016-05-13,2022-07-01,276,"167 Kipling Junction",Drammen,156601,Buskerud,Norway,15,64,928,9373,Refunded
ORDER161,CUST482,NULL,TRANS161,SHIPPER025,Processed,2018-07-14,2015-07-01,17,"643 Rigney Circle",Pingxiang,485840,NULL,China,4,150,385,10510,Refunded
ORDER162,CUST202,NULL,TRANS162,SHIPPER022,Processed,2016-11-17,2016-07-28,270,"8 Ronald Regan Lane",Caohezhang,274093,NULL,China,16,180,6041,8193,Refunded
ORDER163,CUST156,COU081,TRANS163,SHIPPER054,Dispatched,2020-08-21,2019-05-10,295,"605 Carioca Parkway","Jaša Tomić",237399,NULL,Serbia,16,190,4459,8500,Refunded
ORDER164,CUST112,COU034,TRANS164,SHIPPER020,Dispatched,2022-03-04,2019-05-10,32,"21191 Myrtle Circle",Handaqi,264981,NULL,China,12,1,2199,5836,Refunded
ORDER165,CUST484,COU091,TRANS165,SHIPPER016,Processed,2015-01-20,2018-02-13,165,"141 Gateway Plaza",Taipingchuan,247417,NULL,China,0,194,7311,1082,Paid
ORDER166,CUST090,COU048,TRANS166,SHIPPER024,Delivered,2016-08-08,2017-02-11,260,"966 Nova Park",Alīābad,501379,NULL,Pakistan,1,178,1084,4359,Refunded
ORDER167,CUST230,NULL,TRANS167,SHIPPER074,Processed,2021-04-13,2020-12-31,96,"11291 Lakewood Pass","Banjar Pangkungtibah Selatan",263892,NULL,Indonesia,3,85,748,2454,Unpaid
ORDER168,CUST136,COU019,TRANS168,SHIPPER001,Delivered,2021-09-25,2018-12-14,212,"12127 Hoard Park","La Calera",266135,NULL,Argentina,7,25,5770,756,Refunded
ORDER169,CUST178,COU092,TRANS169,SHIPPER061,Dispatched,2020-06-14,2016-11-15,40,"1 Truax Park",Nagpandayan,472033,NULL,Philippines,5,164,7818,4409,Paid
ORDER170,CUST460,COU090,TRANS170,SHIPPER034,Processed,2019-04-25,2019-05-14,39,"7581 Glacier Hill Junction",Curumaní,237392,NULL,Colombia,8,1,8949,10222,Refunded
ORDER171,CUST201,NULL,TRANS171,SHIPPER026,Processed,2018-06-06,2022-07-21,264,"971 Gulseth Alley","Saint Petersburg",566983,Florida,"United States",18,130,7456,6983,Refunded
ORDER172,CUST389,NULL,TRANS172,SHIPPER016,Delivered,2021-05-14,2019-05-14,136,"80947 Claremont Terrace","Ban Chang",116328,NULL,Thailand,18,132,2457,9177,Refunded
ORDER173,CUST172,COU020,TRANS173,SHIPPER037,Processed,2021-08-29,2020-05-09,137,"0 Dapin Center",Cijambe,578133,NULL,Indonesia,15,54,8021,145,Unpaid
ORDER174,CUST194,COU076,TRANS174,SHIPPER089,Dispatched,2018-04-09,2016-11-01,71,"03377 Forest Point",Gongjiang,585215,NULL,China,0,107,7451,5683,Paid
ORDER175,CUST341,NULL,TRANS175,SHIPPER032,Dispatched,2017-09-07,2017-11-20,145,"8 Annamark Trail",Juxing,459459,NULL,China,16,67,6201,6419,Unpaid
ORDER176,CUST411,NULL,TRANS176,SHIPPER001,Processed,2022-02-01,2019-02-17,158,"66 Myrtle Place",Tripoli,324082,NULL,Libya,13,124,3954,5485,Unpaid
ORDER177,CUST321,COU093,TRANS177,SHIPPER089,Dispatched,2020-09-23,2016-11-25,213,"60642 Monument Center",Sutysky,210201,NULL,Ukraine,15,67,7675,10795,Refunded
ORDER178,CUST334,NULL,TRANS178,SHIPPER058,Processed,2017-11-30,2020-05-28,11,"9854 Raven Circle",Rengo,593887,NULL,Chile,6,75,1508,8272,Refunded
ORDER179,CUST158,COU088,TRANS179,SHIPPER093,Dispatched,2021-04-25,2015-01-28,105,"3351 Clyde Gallagher Point",Ganjiachang,193998,NULL,China,2,129,6632,6649,Paid
ORDER180,CUST149,COU095,TRANS180,SHIPPER067,Processed,2020-08-21,2015-04-15,274,"8163 Nova Terrace",Bachaquero,215052,NULL,Venezuela,15,159,894,5369,Refunded
ORDER181,CUST248,NULL,TRANS181,SHIPPER026,Processed,2016-08-05,2018-01-27,55,"8 Thackeray Place","Tembayangan Barat",240545,NULL,Indonesia,18,88,802,10453,Paid
ORDER182,CUST488,NULL,TRANS182,SHIPPER014,Dispatched,2015-01-19,2015-06-10,223,"2 Garrison Alley",Sampir,574296,NULL,Indonesia,6,163,5870,7482,Refunded
ORDER183,CUST229,NULL,TRANS183,SHIPPER037,Delivered,2017-11-12,2018-06-15,118,"1 Holmberg Terrace",Ambian,296253,NULL,Indonesia,16,9,4835,10655,Paid
ORDER184,CUST039,NULL,TRANS184,SHIPPER040,Dispatched,2021-03-29,2020-12-12,255,"22883 Lakewood Trail",Mikhaylov,411053,NULL,Russia,16,129,6762,5902,Paid
ORDER185,CUST459,COU016,TRANS185,SHIPPER013,Processed,2018-09-11,2015-01-28,60,"38451 Lukken Place",Chongwen,280215,NULL,China,3,145,7875,268,Unpaid
ORDER186,CUST474,COU097,TRANS186,SHIPPER059,Dispatched,2018-02-15,2018-11-20,205,"310 Merchant Park",Ganting,211489,NULL,China,7,151,7394,8344,Paid
ORDER187,CUST236,NULL,TRANS187,SHIPPER091,Delivered,2019-03-15,2015-11-15,59,"11 Milwaukee Drive",Karang,148662,NULL,Indonesia,0,85,7873,7635,Paid
ORDER188,CUST250,NULL,TRANS188,SHIPPER020,Processed,2021-07-30,2016-08-28,216,"3 Maple Circle",Qalqaman,230647,NULL,Kazakhstan,0,97,8030,492,Paid
ORDER189,CUST193,COU025,TRANS189,SHIPPER058,Processed,2018-05-04,2015-08-16,139,"790 Jackson Terrace","Santo Antônio de Jesus",352297,NULL,Brazil,17,168,3510,9952,Refunded
ORDER190,CUST314,COU022,TRANS190,SHIPPER053,Dispatched,2018-04-03,2022-06-24,201,"695 Barby Hill",Bulgan,475304,NULL,Mongolia,0,68,8672,171,Paid
ORDER191,CUST397,COU042,TRANS191,SHIPPER046,Processed,2016-05-15,2017-03-19,160,"10375 Pankratz Street",Sokolnice,524818,NULL,"Czech Republic",9,89,5342,3410,Unpaid
ORDER192,CUST311,NULL,TRANS192,SHIPPER067,Dispatched,2018-02-04,2016-11-15,148,"8866 Arizona Parkway",Alingsås,450140,"Västra Götaland",Sweden,7,132,588,4297,Refunded
ORDER193,CUST330,NULL,TRANS193,SHIPPER040,Dispatched,2020-02-05,2019-10-02,173,"4289 Briar Crest Circle",Derbur,123800,NULL,China,1,86,1498,320,Paid
ORDER194,CUST182,COU001,TRANS194,SHIPPER001,Processed,2021-07-31,2015-11-08,81,"67 Warrior Drive",Weru,383824,NULL,Indonesia,18,141,7465,8830,Refunded
ORDER195,CUST397,COU021,TRANS195,SHIPPER068,Dispatched,2022-05-16,2020-01-16,157,"6 Ridge Oak Street",Sishilichengzi,164904,NULL,China,18,132,7496,7164,Paid
ORDER196,CUST328,NULL,TRANS196,SHIPPER008,Delivered,2020-08-06,2015-05-17,161,"164 Stuart Crossing",Navashino,311540,NULL,Russia,0,177,4747,1977,Unpaid
ORDER197,CUST028,NULL,TRANS197,SHIPPER033,Delivered,2016-08-25,2021-03-29,42,"1427 Oakridge Terrace",Pasiragung,114630,NULL,Indonesia,11,73,6844,5916,Unpaid
ORDER198,CUST051,NULL,TRANS198,SHIPPER056,Processed,2016-01-09,2018-01-16,33,"86 Canary Trail",Sarzedo,238603,Coimbra,Portugal,10,59,6690,3144,Refunded
ORDER199,CUST486,NULL,TRANS199,SHIPPER093,Processed,2015-04-14,2015-10-11,274,"98 Hagan Hill",Hushan,184754,NULL,China,16,21,4396,8145,Unpaid
ORDER200,CUST180,COU069,TRANS200,SHIPPER005,Delivered,2019-01-15,2021-08-04,222,"900 Carpenter Place",Ravne,304287,NULL,Slovenia,16,98,7759,9967,Paid
ORDER201,CUST266,NULL,TRANS201,SHIPPER089,Dispatched,2015-12-25,2021-12-24,293,"85104 Little Fleur Junction",Ghormach,290067,NULL,Afghanistan,14,123,7034,6235,Paid
ORDER202,CUST206,NULL,TRANS202,SHIPPER051,Delivered,2018-08-07,2022-03-12,283,"4 Summer Ridge Terrace",Yangdang,272181,NULL,China,2,106,7484,2113,Paid
ORDER203,CUST270,NULL,TRANS203,SHIPPER055,Dispatched,2022-01-25,2018-12-04,185,"1720 Huxley Street",Niort,509791,Poitou-Charentes,France,3,131,6840,4493,Paid
ORDER204,CUST424,COU029,TRANS204,SHIPPER022,Processed,2015-04-13,2017-06-26,126,"841 Oak Way",Anwen,445551,NULL,China,18,26,9722,6632,Unpaid
ORDER205,CUST045,NULL,TRANS205,SHIPPER060,Dispatched,2018-08-28,2015-01-29,237,"92 New Castle Road",Gävle,299352,Gävleborg,Sweden,5,28,5234,4095,Refunded
ORDER206,CUST249,COU010,TRANS206,SHIPPER074,Delivered,2015-03-06,2019-09-11,132,"63 Towne Junction",Besao,407796,NULL,Philippines,17,17,4391,6654,Unpaid
ORDER207,CUST152,COU009,TRANS207,SHIPPER080,Processed,2016-12-24,2017-01-02,215,"69 Mitchell Parkway",Jaciara,499685,NULL,Brazil,12,142,4518,8338,Paid
ORDER208,CUST241,NULL,TRANS208,SHIPPER077,Processed,2018-03-31,2018-02-02,296,"9084 Fuller Way",Matagami,507113,Québec,Canada,2,21,8223,2129,Paid
ORDER209,CUST235,NULL,TRANS209,SHIPPER056,Dispatched,2022-09-22,2017-01-17,246,"809 Mandrake Junction",Suna,166952,NULL,Russia,12,13,7296,9328,Unpaid
ORDER210,CUST404,COU031,TRANS210,SHIPPER093,Processed,2021-06-23,2022-06-19,169,"1350 Northland Trail","Ilha Solteira",512620,NULL,Brazil,11,137,7136,5364,Refunded
ORDER211,CUST447,COU049,TRANS211,SHIPPER011,Delivered,2015-11-02,2017-04-05,84,"6999 Clemons Avenue",Singgugu,233010,NULL,Indonesia,2,21,9751,2318,Refunded
ORDER212,CUST065,COU018,TRANS212,SHIPPER013,Delivered,2020-05-13,2017-12-15,268,"016 Roth Parkway",Duri,107450,NULL,Indonesia,7,9,1251,148,Paid
ORDER213,CUST275,NULL,TRANS213,SHIPPER031,Dispatched,2021-10-25,2020-09-23,81,"52838 Upham Terrace","Vila Real de Santo António",106649,Faro,Portugal,9,88,8865,3336,Unpaid
ORDER214,CUST014,NULL,TRANS214,SHIPPER050,Processed,2018-03-23,2021-02-04,192,"57181 Melvin Pass",Yeliguan,414056,NULL,China,3,43,3656,8887,Paid
ORDER215,CUST105,NULL,TRANS215,SHIPPER084,Processed,2020-09-08,2022-03-26,157,"9 1st Drive","São Pedro",475204,Coimbra,Portugal,15,80,3473,4262,Unpaid
ORDER216,CUST497,COU009,TRANS216,SHIPPER008,Processed,2020-12-18,2016-06-18,37,"61 Roth Hill",Gavarr,406335,NULL,Armenia,13,34,8615,7868,Refunded
ORDER217,CUST026,COU039,TRANS217,SHIPPER031,Delivered,2018-11-23,2017-05-24,280,"20 Goodland Terrace",Dadong,189311,NULL,China,6,6,7941,3528,Unpaid
ORDER218,CUST206,COU067,TRANS218,SHIPPER018,Processed,2022-01-21,2019-07-25,151,"07135 Nevada Way",Dobryatino,500824,NULL,Russia,13,161,8164,8072,Paid
ORDER219,CUST152,COU027,TRANS219,SHIPPER021,Dispatched,2022-04-12,2021-05-20,215,"5 Union Road",Chuncheon,305084,NULL,"South Korea",2,138,4171,655,Paid
ORDER220,CUST170,NULL,TRANS220,SHIPPER028,Processed,2017-07-27,2015-03-23,118,"4 Cordelia Crossing",Mashui,551622,NULL,China,10,133,7268,8715,Paid
ORDER221,CUST099,NULL,TRANS221,SHIPPER011,Processed,2022-11-11,2019-03-24,163,"684 Goodland Court",Siemkowice,392281,NULL,Poland,14,136,6731,8019,Unpaid
ORDER222,CUST162,COU006,TRANS222,SHIPPER055,Processed,2022-09-21,2015-05-22,39,"74 Hanson Drive",Tubod,296788,NULL,Philippines,8,81,2122,668,Refunded
ORDER223,CUST071,NULL,TRANS223,SHIPPER017,Processed,2022-06-26,2017-04-16,133,"0978 Utah Park","Sidi Bousber",501675,NULL,Morocco,15,164,7083,7492,Paid
ORDER224,CUST247,COU012,TRANS224,SHIPPER052,Delivered,2018-01-24,2018-04-27,127,"81 Summerview Lane","Ciénaga de Oro",507669,NULL,Colombia,18,124,9184,9864,Paid
ORDER225,CUST255,NULL,TRANS225,SHIPPER013,Delivered,2019-12-15,2015-03-28,17,"30860 Norway Maple Trail",Shunling,108615,NULL,China,1,38,1971,502,Refunded
ORDER226,CUST042,NULL,TRANS226,SHIPPER014,Processed,2020-04-16,2018-12-11,41,"39814 Kennedy Parkway","Catungawan Sur",334602,NULL,Philippines,4,145,3663,8592,Unpaid
ORDER227,CUST338,NULL,TRANS227,SHIPPER017,Processed,2020-03-03,2022-10-13,9,"445 Weeping Birch Crossing",Kedungreja,555753,NULL,Indonesia,9,196,4505,8894,Refunded
ORDER228,CUST289,NULL,TRANS228,SHIPPER093,Delivered,2020-11-23,2022-09-08,155,"35 Blackbird Terrace",Liuzuo,413229,NULL,China,14,168,8282,4068,Refunded
ORDER229,CUST292,COU044,TRANS229,SHIPPER030,Dispatched,2016-07-16,2015-04-04,172,"8334 Ronald Regan Crossing",Renhe,109037,NULL,China,16,179,2255,3499,Refunded
ORDER230,CUST264,NULL,TRANS230,SHIPPER011,Delivered,2020-07-16,2015-05-31,202,"0801 Farmco Court","La Romana",496988,NULL,"Dominican Republic",2,8,6494,11000,Refunded
ORDER231,CUST402,NULL,TRANS231,SHIPPER047,Dispatched,2020-12-12,2015-11-25,67,"60884 Holy Cross Park",Greenville,379485,NULL,Liberia,13,134,7357,2104,Refunded
ORDER232,CUST272,COU087,TRANS232,SHIPPER019,Processed,2020-06-03,2019-04-07,211,"6 Del Mar Parkway","Bom Jesus da Lapa",250965,NULL,Brazil,9,20,593,2199,Unpaid
ORDER233,CUST342,NULL,TRANS233,SHIPPER029,Processed,2019-03-26,2016-02-07,212,"602 Huxley Pass","Novyye Kuz’minki",525565,NULL,Russia,2,0,1123,3069,Unpaid
ORDER234,CUST112,NULL,TRANS234,SHIPPER058,Processed,2021-04-01,2016-08-07,237,"52170 Miller Trail",Thanatpin,218525,NULL,Myanmar,6,141,2703,1215,Refunded
ORDER235,CUST155,COU051,TRANS235,SHIPPER030,Dispatched,2020-06-04,2021-07-29,262,"17421 Fuller Street",Troparëvo,522560,NULL,Russia,14,170,231,2078,Paid
ORDER236,CUST189,COU031,TRANS236,SHIPPER092,Processed,2020-03-27,2015-03-23,201,"67867 Oriole Place",Maikawada,540672,NULL,Indonesia,17,194,3324,5398,Unpaid
ORDER237,CUST402,NULL,TRANS237,SHIPPER040,Delivered,2016-02-14,2019-05-09,60,"6 Thackeray Street",Budy,471317,NULL,Ukraine,6,137,5081,2170,Paid
ORDER238,CUST480,COU035,TRANS238,SHIPPER070,Processed,2016-07-30,2015-05-30,253,"1249 Mallard Pass","20 de Noviembre",494493,"Veracruz Llave",Mexico,18,155,3099,6589,Unpaid
ORDER239,CUST462,COU038,TRANS239,SHIPPER023,Delivered,2019-01-04,2018-12-21,155,"4 Riverside Hill",Carriedo,246474,NULL,Philippines,5,163,7802,6997,Refunded
ORDER240,CUST125,NULL,TRANS240,SHIPPER019,Dispatched,2018-08-06,2018-07-23,28,"042 Daystar Park",Émponas,483355,NULL,Greece,6,13,9603,3022,Paid
ORDER241,CUST489,COU061,TRANS241,SHIPPER064,Dispatched,2021-02-20,2017-08-04,119,"07 Montana Avenue",Fengyang,457833,NULL,China,12,21,2012,6309,Refunded
ORDER242,CUST207,NULL,TRANS242,SHIPPER097,Delivered,2016-06-17,2022-09-28,160,"56979 Ilene Lane",Saravia,579614,NULL,Philippines,9,196,6456,9984,Refunded
ORDER243,CUST185,NULL,TRANS243,SHIPPER023,Delivered,2019-06-27,2021-11-17,282,"72 Warrior Avenue",Ciputih,379939,NULL,Indonesia,10,134,7940,4006,Unpaid
ORDER244,CUST308,COU081,TRANS244,SHIPPER004,Delivered,2021-02-11,2015-02-22,265,"90066 Nova Circle",Jadów,319694,NULL,Poland,1,30,6467,4267,Paid
ORDER245,CUST155,NULL,TRANS245,SHIPPER003,Delivered,2016-12-09,2021-03-20,292,"1 Bashford Junction",Puntarenas,390330,NULL,"Costa Rica",3,56,4679,10075,Unpaid
ORDER246,CUST103,NULL,TRANS246,SHIPPER081,Processed,2018-11-09,2015-12-25,34,"13 International Court","Al Ḩumaydāt",360309,NULL,Yemen,11,89,3156,7552,Unpaid
ORDER247,CUST259,NULL,TRANS247,SHIPPER082,Delivered,2016-02-02,2017-09-29,261,"812 Fuller Alley",Atlanta,360198,Georgia,"United States",3,192,6607,5818,Unpaid
ORDER248,CUST346,NULL,TRANS248,SHIPPER082,Delivered,2018-07-25,2020-11-04,248,"18328 Waywood Hill",Matiguás,420520,NULL,Nicaragua,6,31,6497,7114,Unpaid
ORDER249,CUST185,COU081,TRANS249,SHIPPER096,Delivered,2019-06-21,2022-10-26,182,"26 La Follette Park",Xigou,182452,NULL,China,1,24,8308,3255,Refunded
ORDER250,CUST049,NULL,TRANS250,SHIPPER001,Dispatched,2016-01-15,2017-08-17,111,"6953 Melby Pass",Alcanena,520992,Santarém,Portugal,17,92,3669,3254,Refunded
ORDER251,CUST494,NULL,TRANS251,SHIPPER010,Delivered,2018-02-19,2016-05-15,60,"364 Scoville Way",Jojoima,388468,NULL,"Sierra Leone",6,160,442,3787,Paid
ORDER252,CUST256,NULL,TRANS252,SHIPPER067,Processed,2019-01-04,2018-12-08,19,"22 Graedel Court",Vojkovice,381448,NULL,"Czech Republic",5,5,6187,7597,Unpaid
ORDER253,CUST268,NULL,TRANS253,SHIPPER037,Processed,2017-11-20,2020-07-04,290,"3935 Starling Street","Tugela Ferry",182692,NULL,"South Africa",9,40,8287,6306,Paid
ORDER254,CUST298,COU025,TRANS254,SHIPPER040,Dispatched,2019-02-01,2019-06-12,5,"23 Lunder Parkway",Caherconlish,558933,NULL,Ireland,9,6,7986,7077,Paid
ORDER255,CUST174,COU011,TRANS255,SHIPPER021,Dispatched,2018-07-31,2017-10-01,223,"77 Mendota Point",Cuozheqiangma,365093,NULL,China,11,126,6878,3835,Paid
ORDER256,CUST428,COU043,TRANS256,SHIPPER075,Dispatched,2016-08-10,2021-03-24,151,"7876 Shelley Way",Yunji,127403,NULL,China,12,193,3738,10080,Unpaid
ORDER257,CUST176,COU097,TRANS257,SHIPPER088,Processed,2022-10-13,2021-01-13,120,"1 Cascade Drive","Kampong Speu",368266,NULL,Cambodia,9,11,6661,8519,Unpaid
ORDER258,CUST164,COU061,TRANS258,SHIPPER077,Dispatched,2022-03-31,2016-03-28,233,"0 Donald Drive","São Luís de Montes Belos",350244,NULL,Brazil,4,39,647,2333,Refunded
ORDER259,CUST384,NULL,TRANS259,SHIPPER033,Dispatched,2016-03-17,2017-01-12,248,"9538 Maple Wood Drive","La Chapelle-sur-Erdre",308023,"Pays de la Loire",France,15,94,3578,10638,Unpaid
ORDER260,CUST186,COU064,TRANS260,SHIPPER084,Dispatched,2022-07-16,2020-06-05,224,"3401 Heath Alley",Paramaribo,411136,NULL,Suriname,3,116,7000,9944,Unpaid
ORDER261,CUST434,NULL,TRANS261,SHIPPER057,Delivered,2016-07-06,2021-05-08,214,"84 Leroy Road",Kubangsari,296458,NULL,Indonesia,2,122,1359,1085,Paid
ORDER262,CUST309,COU046,TRANS262,SHIPPER028,Dispatched,2015-03-03,2022-06-10,162,"0719 Spenser Center",Pimian,504753,NULL,China,16,139,9288,7491,Refunded
ORDER263,CUST225,COU063,TRANS263,SHIPPER065,Processed,2017-01-02,2015-02-17,280,"53928 Meadow Valley Point",Nyazepetrovsk,204069,NULL,Russia,17,192,2253,2284,Refunded
ORDER264,CUST192,NULL,TRANS264,SHIPPER080,Delivered,2015-05-17,2016-07-15,249,"5688 Comanche Plaza","Minador do Negrão",545636,NULL,Brazil,11,165,2763,4079,Refunded
ORDER265,CUST173,NULL,TRANS265,SHIPPER075,Dispatched,2019-10-01,2022-08-15,281,"623 Portage Junction","Emiliano Zapata",253805,Tamaulipas,Mexico,0,145,270,5051,Paid
ORDER266,CUST038,NULL,TRANS266,SHIPPER010,Processed,2018-01-23,2021-04-23,59,"6009 Mcguire Drive",Sandvika,261565,Akershus,Norway,14,23,4608,918,Paid
ORDER267,CUST057,NULL,TRANS267,SHIPPER006,Processed,2021-11-02,2021-02-07,272,"3 Warrior Point",Srebrenica,183552,NULL,"Bosnia and Herzegovina",8,21,5288,864,Unpaid
ORDER268,CUST272,COU045,TRANS268,SHIPPER015,Delivered,2022-03-04,2016-11-25,8,"301 6th Way",Diré,248624,NULL,Mali,9,91,7410,8327,Unpaid
ORDER269,CUST096,NULL,TRANS269,SHIPPER006,Delivered,2018-12-05,2018-01-27,135,"405 Birchwood Terrace",Kaiyuan,131720,NULL,China,13,150,3343,6999,Refunded
ORDER270,CUST080,NULL,TRANS270,SHIPPER090,Dispatched,2019-03-12,2015-06-24,198,"8 Mesta Court",Maunggora,400069,NULL,Indonesia,9,10,7783,6422,Refunded
ORDER271,CUST197,NULL,TRANS271,SHIPPER035,Dispatched,2018-10-30,2020-08-20,67,"7 Rieder Parkway",Nartkala,168965,NULL,Russia,11,148,5101,1105,Refunded
ORDER272,CUST030,COU051,TRANS272,SHIPPER073,Processed,2019-12-30,2015-02-25,5,"0 Corscot Alley",Uluarang,449602,NULL,Indonesia,18,0,4421,9476,Refunded
ORDER273,CUST237,COU008,TRANS273,SHIPPER021,Delivered,2022-06-17,2020-07-16,228,"143 Hovde Place",Langtad,264241,NULL,Philippines,4,186,1514,10780,Unpaid
ORDER274,CUST114,NULL,TRANS274,SHIPPER012,Dispatched,2018-11-08,2019-10-20,183,"0253 Mcbride Point",Gandajika,162509,NULL,"Democratic Republic of the Congo",8,102,8480,3455,Refunded
ORDER275,CUST276,COU092,TRANS275,SHIPPER044,Delivered,2017-06-27,2016-04-26,236,"90113 Nelson Lane",Lisičani,357807,NULL,Macedonia,13,163,7523,590,Paid
ORDER276,CUST243,COU089,TRANS276,SHIPPER096,Dispatched,2021-01-07,2019-07-22,139,"68 Heath Drive",Jifnā,199066,NULL,"Palestinian Territory",10,91,4889,9620,Paid
ORDER277,CUST464,NULL,TRANS277,SHIPPER050,Delivered,2018-05-08,2019-03-19,115,"4511 Dawn Point",Canta,436853,NULL,Peru,4,180,8398,9592,Refunded
ORDER278,CUST352,NULL,TRANS278,SHIPPER050,Delivered,2022-05-12,2022-08-27,141,"78 Grim Avenue",Loúros,336986,NULL,Greece,10,125,8577,1091,Unpaid
ORDER279,CUST303,COU023,TRANS279,SHIPPER005,Dispatched,2015-06-19,2018-06-25,202,"07463 Kipling Crossing",Marale,481752,NULL,Honduras,0,170,3626,9452,Refunded
ORDER280,CUST165,NULL,TRANS280,SHIPPER008,Dispatched,2021-01-27,2019-03-05,248,"085 Porter Place",Shuangpengxi,584836,NULL,China,4,40,2684,1182,Refunded
ORDER281,CUST051,NULL,TRANS281,SHIPPER014,Dispatched,2021-11-22,2019-06-05,131,"213 Melby Way","Campo Maior",341158,Portalegre,Portugal,4,114,7346,9559,Unpaid
ORDER282,CUST082,NULL,TRANS282,SHIPPER004,Delivered,2017-06-02,2018-12-06,294,"34016 Hazelcrest Drive","São Francisco do Sul",409024,NULL,Brazil,14,84,7405,6213,Paid
ORDER283,CUST108,COU062,TRANS283,SHIPPER092,Processed,2022-11-17,2015-04-27,122,"2702 Hovde Parkway",Hovorany,105144,NULL,"Czech Republic",3,122,2978,2879,Refunded
ORDER284,CUST053,COU012,TRANS284,SHIPPER048,Dispatched,2016-03-12,2022-05-09,198,"672 Bayside Street",Jawatiwa,409486,NULL,Indonesia,11,75,8274,3857,Unpaid
ORDER285,CUST162,NULL,TRANS285,SHIPPER091,Dispatched,2015-04-29,2016-02-17,40,"81 Declaration Hill",Sexiong,557609,NULL,China,15,178,9606,4091,Refunded
ORDER286,CUST288,COU070,TRANS286,SHIPPER092,Delivered,2016-01-28,2015-05-09,128,"2 Florence Park",Bulog,571344,NULL,Philippines,18,93,7211,8116,Refunded
ORDER287,CUST479,COU028,TRANS287,SHIPPER059,Delivered,2018-06-04,2022-04-28,114,"915 Gerald Street",Studénka,311757,NULL,"Czech Republic",18,118,724,783,Refunded
ORDER288,CUST413,NULL,TRANS288,SHIPPER040,Dispatched,2016-01-17,2019-01-10,272,"4 Anthes Avenue","Pak Phli",503281,NULL,Thailand,1,102,4367,4573,Unpaid
ORDER289,CUST457,COU095,TRANS289,SHIPPER020,Processed,2018-05-31,2022-05-12,243,"04858 Northland Way",Mudon,510104,NULL,Myanmar,1,114,1229,2271,Refunded
ORDER290,CUST362,COU016,TRANS290,SHIPPER082,Dispatched,2016-08-28,2020-05-29,270,"4695 Prentice Center",Changling,142364,NULL,China,10,10,9251,1895,Refunded
ORDER291,CUST184,COU061,TRANS291,SHIPPER054,Processed,2022-01-05,2018-11-26,219,"8246 Dorton Crossing","Caldas Novas",470088,NULL,Brazil,8,145,791,803,Unpaid
ORDER292,CUST158,COU056,TRANS292,SHIPPER078,Processed,2020-03-13,2020-11-27,48,"55 Mallory Pass",Changqi,228149,NULL,China,6,116,9922,2111,Paid
ORDER293,CUST437,COU045,TRANS293,SHIPPER061,Dispatched,2019-01-13,2015-06-03,283,"175 Sachtjen Alley",Chamalières,267322,Auvergne,France,9,100,1013,8661,Refunded
ORDER294,CUST146,COU060,TRANS294,SHIPPER093,Delivered,2022-08-26,2017-04-05,61,"89006 Merrick Avenue",Hrazdan,301147,NULL,Armenia,1,190,1678,4546,Unpaid
ORDER295,CUST040,NULL,TRANS295,SHIPPER071,Delivered,2021-12-25,2020-09-20,1,"7947 Gale Street",Yongchuan,550444,NULL,China,7,98,1395,7153,Paid
ORDER296,CUST238,COU034,TRANS296,SHIPPER075,Processed,2020-10-20,2016-05-02,55,"383 Oxford Plaza",Getazat,217179,NULL,Armenia,3,170,6934,6736,Paid
ORDER297,CUST085,COU029,TRANS297,SHIPPER064,Delivered,2016-09-20,2020-08-07,94,"10667 Straubel Plaza",Madara,389029,NULL,Nigeria,7,92,2320,1028,Refunded
ORDER298,CUST066,COU075,TRANS298,SHIPPER054,Delivered,2019-04-15,2021-02-14,277,"467 Red Cloud Plaza",Xinxing,449021,NULL,China,14,157,5683,6410,Unpaid
ORDER299,CUST298,NULL,TRANS299,SHIPPER004,Processed,2021-05-28,2020-03-14,91,"89094 Kim Court",Vitebsk,243705,NULL,Belarus,16,158,7414,2175,Refunded
ORDER300,CUST233,COU018,TRANS300,SHIPPER005,Dispatched,2017-04-02,2020-01-26,116,"2289 Old Gate Terrace",Tønsberg,339818,Vestfold,Norway,13,53,4861,7676,Paid
